PLACEHOLDER_CLIENT_ID|CLIENT|/data/ucov/repro/jsoup/Clients/jaig1995/accionistas-eebp|/backend/src/main/java/com/eebp/accionistas/backend/accionistas/services/personaservice.java(108:29)|/backend/src/main/java/com/eebp/accionistas/backend/accionistas/services/personaservice.java(108:59)|org.jsoup.Jsoup.parse(java.io.File,java.lang.String)|SYMBOL_KIND_METHOD|SYMBOL_USE_STATIC_INVOCATION
PLACEHOLDER_CLIENT_ID|CLIENT|/data/ucov/repro/jsoup/Clients/jaig1995/accionistas-eebp|/backend/src/main/java/com/eebp/accionistas/backend/accionistas/services/personaservice.java(108:9)|/backend/src/main/java/com/eebp/accionistas/backend/accionistas/services/personaservice.java(108:16)|org.jsoup.nodes.Document|SYMBOL_KIND_TYPE|SYMBOL_USE_TYPE_REFERENCE
PLACEHOLDER_CLIENT_ID|CLIENT|/data/ucov/repro/jsoup/Clients/jaig1995/accionistas-eebp|/backend/src/main/java/com/eebp/accionistas/backend/accionistas/services/personaservice.java(111:13)|/backend/src/main/java/com/eebp/accionistas/backend/accionistas/services/personaservice.java(111:43)|org.jsoup.nodes.Element.selectFirst(java.lang.String)|SYMBOL_KIND_METHOD|SYMBOL_USE_INVOCATION
PLACEHOLDER_CLIENT_ID|CLIENT|/data/ucov/repro/jsoup/Clients/jaig1995/accionistas-eebp|/backend/src/main/java/com/eebp/accionistas/backend/accionistas/services/personaservice.java(111:13)|/backend/src/main/java/com/eebp/accionistas/backend/accionistas/services/personaservice.java(115:68)|org.jsoup.nodes.Element.text(java.lang.String)|SYMBOL_KIND_METHOD|SYMBOL_USE_INVOCATION
PLACEHOLDER_CLIENT_ID|CLIENT|/data/ucov/repro/jsoup/Clients/jaig1995/accionistas-eebp|/backend/src/main/java/com/eebp/accionistas/backend/accionistas/services/personaservice.java(117:13)|/backend/src/main/java/com/eebp/accionistas/backend/accionistas/services/personaservice.java(117:43)|org.jsoup.nodes.Element.selectFirst(java.lang.String)|SYMBOL_KIND_METHOD|SYMBOL_USE_INVOCATION
PLACEHOLDER_CLIENT_ID|CLIENT|/data/ucov/repro/jsoup/Clients/jaig1995/accionistas-eebp|/backend/src/main/java/com/eebp/accionistas/backend/accionistas/services/personaservice.java(117:13)|/backend/src/main/java/com/eebp/accionistas/backend/accionistas/services/personaservice.java(117:94)|org.jsoup.nodes.Element.text(java.lang.String)|SYMBOL_KIND_METHOD|SYMBOL_USE_INVOCATION
PLACEHOLDER_CLIENT_ID|CLIENT|/data/ucov/repro/jsoup/Clients/jaig1995/accionistas-eebp|/backend/src/main/java/com/eebp/accionistas/backend/accionistas/services/personaservice.java(119:9)|/backend/src/main/java/com/eebp/accionistas/backend/accionistas/services/personaservice.java(119:66)|org.jsoup.nodes.Element.selectFirst(java.lang.String)|SYMBOL_KIND_METHOD|SYMBOL_USE_INVOCATION
PLACEHOLDER_CLIENT_ID|CLIENT|/data/ucov/repro/jsoup/Clients/jaig1995/accionistas-eebp|/backend/src/main/java/com/eebp/accionistas/backend/accionistas/services/personaservice.java(120:9)|/backend/src/main/java/com/eebp/accionistas/backend/accionistas/services/personaservice.java(120:43)|org.jsoup.nodes.Element.selectFirst(java.lang.String)|SYMBOL_KIND_METHOD|SYMBOL_USE_INVOCATION
PLACEHOLDER_CLIENT_ID|CLIENT|/data/ucov/repro/jsoup/Clients/jaig1995/accionistas-eebp|/backend/src/main/java/com/eebp/accionistas/backend/accionistas/services/personaservice.java(120:9)|/backend/src/main/java/com/eebp/accionistas/backend/accionistas/services/personaservice.java(120:79)|org.jsoup.nodes.Element.text(java.lang.String)|SYMBOL_KIND_METHOD|SYMBOL_USE_INVOCATION
PLACEHOLDER_CLIENT_ID|CLIENT|/data/ucov/repro/jsoup/Clients/jaig1995/accionistas-eebp|/backend/src/main/java/com/eebp/accionistas/backend/accionistas/services/personaservice.java(122:13)|/backend/src/main/java/com/eebp/accionistas/backend/accionistas/services/personaservice.java(122:176)|org.jsoup.nodes.Element.text(java.lang.String)|SYMBOL_KIND_METHOD|SYMBOL_USE_INVOCATION
PLACEHOLDER_CLIENT_ID|CLIENT|/data/ucov/repro/jsoup/Clients/jaig1995/accionistas-eebp|/backend/src/main/java/com/eebp/accionistas/backend/accionistas/services/personaservice.java(122:13)|/backend/src/main/java/com/eebp/accionistas/backend/accionistas/services/personaservice.java(122:49)|org.jsoup.nodes.Element.selectFirst(java.lang.String)|SYMBOL_KIND_METHOD|SYMBOL_USE_INVOCATION
PLACEHOLDER_CLIENT_ID|CLIENT|/data/ucov/repro/jsoup/Clients/jaig1995/accionistas-eebp|/backend/src/main/java/com/eebp/accionistas/backend/accionistas/services/personaservice.java(124:13)|/backend/src/main/java/com/eebp/accionistas/backend/accionistas/services/personaservice.java(124:103)|org.jsoup.nodes.Element.text(java.lang.String)|SYMBOL_KIND_METHOD|SYMBOL_USE_INVOCATION
PLACEHOLDER_CLIENT_ID|CLIENT|/data/ucov/repro/jsoup/Clients/jaig1995/accionistas-eebp|/backend/src/main/java/com/eebp/accionistas/backend/accionistas/services/personaservice.java(124:13)|/backend/src/main/java/com/eebp/accionistas/backend/accionistas/services/personaservice.java(124:50)|org.jsoup.nodes.Element.selectFirst(java.lang.String)|SYMBOL_KIND_METHOD|SYMBOL_USE_INVOCATION
PLACEHOLDER_CLIENT_ID|CLIENT|/data/ucov/repro/jsoup/Clients/jaig1995/accionistas-eebp|/backend/src/main/java/com/eebp/accionistas/backend/accionistas/services/personaservice.java(125:13)|/backend/src/main/java/com/eebp/accionistas/backend/accionistas/services/personaservice.java(125:178)|org.jsoup.nodes.Element.text(java.lang.String)|SYMBOL_KIND_METHOD|SYMBOL_USE_INVOCATION
PLACEHOLDER_CLIENT_ID|CLIENT|/data/ucov/repro/jsoup/Clients/jaig1995/accionistas-eebp|/backend/src/main/java/com/eebp/accionistas/backend/accionistas/services/personaservice.java(125:13)|/backend/src/main/java/com/eebp/accionistas/backend/accionistas/services/personaservice.java(125:50)|org.jsoup.nodes.Element.selectFirst(java.lang.String)|SYMBOL_KIND_METHOD|SYMBOL_USE_INVOCATION
PLACEHOLDER_CLIENT_ID|CLIENT|/data/ucov/repro/jsoup/Clients/jaig1995/accionistas-eebp|/backend/src/main/java/com/eebp/accionistas/backend/accionistas/services/personaservice.java(128:17)|/backend/src/main/java/com/eebp/accionistas/backend/accionistas/services/personaservice.java(128:52)|org.jsoup.nodes.Element.selectFirst(java.lang.String)|SYMBOL_KIND_METHOD|SYMBOL_USE_INVOCATION
PLACEHOLDER_CLIENT_ID|CLIENT|/data/ucov/repro/jsoup/Clients/jaig1995/accionistas-eebp|/backend/src/main/java/com/eebp/accionistas/backend/accionistas/services/personaservice.java(128:17)|/backend/src/main/java/com/eebp/accionistas/backend/accionistas/services/personaservice.java(128:63)|org.jsoup.nodes.Element.text(java.lang.String)|SYMBOL_KIND_METHOD|SYMBOL_USE_INVOCATION
PLACEHOLDER_CLIENT_ID|CLIENT|/data/ucov/repro/jsoup/Clients/jaig1995/accionistas-eebp|/backend/src/main/java/com/eebp/accionistas/backend/accionistas/services/personaservice.java(130:17)|/backend/src/main/java/com/eebp/accionistas/backend/accionistas/services/personaservice.java(130:52)|org.jsoup.nodes.Element.selectFirst(java.lang.String)|SYMBOL_KIND_METHOD|SYMBOL_USE_INVOCATION
PLACEHOLDER_CLIENT_ID|CLIENT|/data/ucov/repro/jsoup/Clients/jaig1995/accionistas-eebp|/backend/src/main/java/com/eebp/accionistas/backend/accionistas/services/personaservice.java(130:17)|/backend/src/main/java/com/eebp/accionistas/backend/accionistas/services/personaservice.java(130:63)|org.jsoup.nodes.Element.text(java.lang.String)|SYMBOL_KIND_METHOD|SYMBOL_USE_INVOCATION
PLACEHOLDER_CLIENT_ID|CLIENT|/data/ucov/repro/jsoup/Clients/jaig1995/accionistas-eebp|/backend/src/main/java/com/eebp/accionistas/backend/accionistas/services/personaservice.java(135:9)|/backend/src/main/java/com/eebp/accionistas/backend/accionistas/services/personaservice.java(135:43)|org.jsoup.nodes.Element.selectFirst(java.lang.String)|SYMBOL_KIND_METHOD|SYMBOL_USE_INVOCATION
PLACEHOLDER_CLIENT_ID|CLIENT|/data/ucov/repro/jsoup/Clients/jaig1995/accionistas-eebp|/backend/src/main/java/com/eebp/accionistas/backend/accionistas/services/personaservice.java(135:9)|/backend/src/main/java/com/eebp/accionistas/backend/accionistas/services/personaservice.java(135:79)|org.jsoup.nodes.Element.text(java.lang.String)|SYMBOL_KIND_METHOD|SYMBOL_USE_INVOCATION
PLACEHOLDER_CLIENT_ID|CLIENT|/data/ucov/repro/jsoup/Clients/jaig1995/accionistas-eebp|/backend/src/main/java/com/eebp/accionistas/backend/accionistas/services/personaservice.java(140:9)|/backend/src/main/java/com/eebp/accionistas/backend/accionistas/services/personaservice.java(140:46)|org.jsoup.nodes.Element.selectFirst(java.lang.String)|SYMBOL_KIND_METHOD|SYMBOL_USE_INVOCATION
PLACEHOLDER_CLIENT_ID|CLIENT|/data/ucov/repro/jsoup/Clients/jaig1995/accionistas-eebp|/backend/src/main/java/com/eebp/accionistas/backend/accionistas/services/personaservice.java(140:9)|/backend/src/main/java/com/eebp/accionistas/backend/accionistas/services/personaservice.java(140:99)|org.jsoup.nodes.Element.text(java.lang.String)|SYMBOL_KIND_METHOD|SYMBOL_USE_INVOCATION
PLACEHOLDER_CLIENT_ID|CLIENT|/data/ucov/repro/jsoup/Clients/jaig1995/accionistas-eebp|/backend/src/main/java/com/eebp/accionistas/backend/accionistas/services/personaservice.java(141:9)|/backend/src/main/java/com/eebp/accionistas/backend/accionistas/services/personaservice.java(141:45)|org.jsoup.nodes.Element.selectFirst(java.lang.String)|SYMBOL_KIND_METHOD|SYMBOL_USE_INVOCATION
PLACEHOLDER_CLIENT_ID|CLIENT|/data/ucov/repro/jsoup/Clients/jaig1995/accionistas-eebp|/backend/src/main/java/com/eebp/accionistas/backend/accionistas/services/personaservice.java(141:9)|/backend/src/main/java/com/eebp/accionistas/backend/accionistas/services/personaservice.java(141:97)|org.jsoup.nodes.Element.text(java.lang.String)|SYMBOL_KIND_METHOD|SYMBOL_USE_INVOCATION
PLACEHOLDER_CLIENT_ID|CLIENT|/data/ucov/repro/jsoup/Clients/jaig1995/accionistas-eebp|/backend/src/main/java/com/eebp/accionistas/backend/accionistas/services/personaservice.java(142:9)|/backend/src/main/java/com/eebp/accionistas/backend/accionistas/services/personaservice.java(142:178)|org.jsoup.nodes.Element.text(java.lang.String)|SYMBOL_KIND_METHOD|SYMBOL_USE_INVOCATION
PLACEHOLDER_CLIENT_ID|CLIENT|/data/ucov/repro/jsoup/Clients/jaig1995/accionistas-eebp|/backend/src/main/java/com/eebp/accionistas/backend/accionistas/services/personaservice.java(142:9)|/backend/src/main/java/com/eebp/accionistas/backend/accionistas/services/personaservice.java(142:45)|org.jsoup.nodes.Element.selectFirst(java.lang.String)|SYMBOL_KIND_METHOD|SYMBOL_USE_INVOCATION
PLACEHOLDER_CLIENT_ID|CLIENT|/data/ucov/repro/jsoup/Clients/jaig1995/accionistas-eebp|/backend/src/main/java/com/eebp/accionistas/backend/accionistas/services/personaservice.java(143:9)|/backend/src/main/java/com/eebp/accionistas/backend/accionistas/services/personaservice.java(143:208)|org.jsoup.nodes.Element.text(java.lang.String)|SYMBOL_KIND_METHOD|SYMBOL_USE_INVOCATION
PLACEHOLDER_CLIENT_ID|CLIENT|/data/ucov/repro/jsoup/Clients/jaig1995/accionistas-eebp|/backend/src/main/java/com/eebp/accionistas/backend/accionistas/services/personaservice.java(143:9)|/backend/src/main/java/com/eebp/accionistas/backend/accionistas/services/personaservice.java(143:54)|org.jsoup.nodes.Element.selectFirst(java.lang.String)|SYMBOL_KIND_METHOD|SYMBOL_USE_INVOCATION
PLACEHOLDER_CLIENT_ID|CLIENT|/data/ucov/repro/jsoup/Clients/jaig1995/accionistas-eebp|/backend/src/main/java/com/eebp/accionistas/backend/accionistas/services/personaservice.java(144:9)|/backend/src/main/java/com/eebp/accionistas/backend/accionistas/services/personaservice.java(144:46)|org.jsoup.nodes.Element.selectFirst(java.lang.String)|SYMBOL_KIND_METHOD|SYMBOL_USE_INVOCATION
PLACEHOLDER_CLIENT_ID|CLIENT|/data/ucov/repro/jsoup/Clients/jaig1995/accionistas-eebp|/backend/src/main/java/com/eebp/accionistas/backend/accionistas/services/personaservice.java(144:9)|/backend/src/main/java/com/eebp/accionistas/backend/accionistas/services/personaservice.java(144:99)|org.jsoup.nodes.Element.text(java.lang.String)|SYMBOL_KIND_METHOD|SYMBOL_USE_INVOCATION
PLACEHOLDER_CLIENT_ID|CLIENT|/data/ucov/repro/jsoup/Clients/jaig1995/accionistas-eebp|/backend/src/main/java/com/eebp/accionistas/backend/accionistas/services/personaservice.java(145:9)|/backend/src/main/java/com/eebp/accionistas/backend/accionistas/services/personaservice.java(145:46)|org.jsoup.nodes.Element.selectFirst(java.lang.String)|SYMBOL_KIND_METHOD|SYMBOL_USE_INVOCATION
PLACEHOLDER_CLIENT_ID|CLIENT|/data/ucov/repro/jsoup/Clients/jaig1995/accionistas-eebp|/backend/src/main/java/com/eebp/accionistas/backend/accionistas/services/personaservice.java(145:9)|/backend/src/main/java/com/eebp/accionistas/backend/accionistas/services/personaservice.java(145:85)|org.jsoup.nodes.Element.text(java.lang.String)|SYMBOL_KIND_METHOD|SYMBOL_USE_INVOCATION
PLACEHOLDER_CLIENT_ID|CLIENT|/data/ucov/repro/jsoup/Clients/jaig1995/accionistas-eebp|/backend/src/main/java/com/eebp/accionistas/backend/accionistas/services/personaservice.java(149:13)|/backend/src/main/java/com/eebp/accionistas/backend/accionistas/services/personaservice.java(149:47)|org.jsoup.nodes.Element.selectFirst(java.lang.String)|SYMBOL_KIND_METHOD|SYMBOL_USE_INVOCATION
PLACEHOLDER_CLIENT_ID|CLIENT|/data/ucov/repro/jsoup/Clients/jaig1995/accionistas-eebp|/backend/src/main/java/com/eebp/accionistas/backend/accionistas/services/personaservice.java(149:13)|/backend/src/main/java/com/eebp/accionistas/backend/accionistas/services/personaservice.java(149:83)|org.jsoup.nodes.Element.text(java.lang.String)|SYMBOL_KIND_METHOD|SYMBOL_USE_INVOCATION
PLACEHOLDER_CLIENT_ID|CLIENT|/data/ucov/repro/jsoup/Clients/jaig1995/accionistas-eebp|/backend/src/main/java/com/eebp/accionistas/backend/accionistas/services/personaservice.java(151:17)|/backend/src/main/java/com/eebp/accionistas/backend/accionistas/services/personaservice.java(151:182)|org.jsoup.nodes.Element.text(java.lang.String)|SYMBOL_KIND_METHOD|SYMBOL_USE_INVOCATION
PLACEHOLDER_CLIENT_ID|CLIENT|/data/ucov/repro/jsoup/Clients/jaig1995/accionistas-eebp|/backend/src/main/java/com/eebp/accionistas/backend/accionistas/services/personaservice.java(151:17)|/backend/src/main/java/com/eebp/accionistas/backend/accionistas/services/personaservice.java(151:51)|org.jsoup.nodes.Element.selectFirst(java.lang.String)|SYMBOL_KIND_METHOD|SYMBOL_USE_INVOCATION
PLACEHOLDER_CLIENT_ID|CLIENT|/data/ucov/repro/jsoup/Clients/jaig1995/accionistas-eebp|/backend/src/main/java/com/eebp/accionistas/backend/accionistas/services/personaservice.java(152:17)|/backend/src/main/java/com/eebp/accionistas/backend/accionistas/services/personaservice.java(152:203)|org.jsoup.nodes.Element.text(java.lang.String)|SYMBOL_KIND_METHOD|SYMBOL_USE_INVOCATION
PLACEHOLDER_CLIENT_ID|CLIENT|/data/ucov/repro/jsoup/Clients/jaig1995/accionistas-eebp|/backend/src/main/java/com/eebp/accionistas/backend/accionistas/services/personaservice.java(152:17)|/backend/src/main/java/com/eebp/accionistas/backend/accionistas/services/personaservice.java(152:51)|org.jsoup.nodes.Element.selectFirst(java.lang.String)|SYMBOL_KIND_METHOD|SYMBOL_USE_INVOCATION
PLACEHOLDER_CLIENT_ID|CLIENT|/data/ucov/repro/jsoup/Clients/jaig1995/accionistas-eebp|/backend/src/main/java/com/eebp/accionistas/backend/accionistas/services/personaservice.java(155:13)|/backend/src/main/java/com/eebp/accionistas/backend/accionistas/services/personaservice.java(155:48)|org.jsoup.nodes.Element.selectFirst(java.lang.String)|SYMBOL_KIND_METHOD|SYMBOL_USE_INVOCATION
PLACEHOLDER_CLIENT_ID|CLIENT|/data/ucov/repro/jsoup/Clients/jaig1995/accionistas-eebp|/backend/src/main/java/com/eebp/accionistas/backend/accionistas/services/personaservice.java(155:13)|/backend/src/main/java/com/eebp/accionistas/backend/accionistas/services/personaservice.java(155:85)|org.jsoup.nodes.Element.text(java.lang.String)|SYMBOL_KIND_METHOD|SYMBOL_USE_INVOCATION
PLACEHOLDER_CLIENT_ID|CLIENT|/data/ucov/repro/jsoup/Clients/jaig1995/accionistas-eebp|/backend/src/main/java/com/eebp/accionistas/backend/accionistas/services/personaservice.java(156:13)|/backend/src/main/java/com/eebp/accionistas/backend/accionistas/services/personaservice.java(156:47)|org.jsoup.nodes.Element.selectFirst(java.lang.String)|SYMBOL_KIND_METHOD|SYMBOL_USE_INVOCATION
PLACEHOLDER_CLIENT_ID|CLIENT|/data/ucov/repro/jsoup/Clients/jaig1995/accionistas-eebp|/backend/src/main/java/com/eebp/accionistas/backend/accionistas/services/personaservice.java(156:13)|/backend/src/main/java/com/eebp/accionistas/backend/accionistas/services/personaservice.java(156:84)|org.jsoup.nodes.Element.text(java.lang.String)|SYMBOL_KIND_METHOD|SYMBOL_USE_INVOCATION
PLACEHOLDER_CLIENT_ID|CLIENT|/data/ucov/repro/jsoup/Clients/jaig1995/accionistas-eebp|/backend/src/main/java/com/eebp/accionistas/backend/accionistas/services/personaservice.java(161:17)|/backend/src/main/java/com/eebp/accionistas/backend/accionistas/services/personaservice.java(161:66)|org.jsoup.nodes.Element.selectFirst(java.lang.String)|SYMBOL_KIND_METHOD|SYMBOL_USE_INVOCATION
PLACEHOLDER_CLIENT_ID|CLIENT|/data/ucov/repro/jsoup/Clients/jaig1995/accionistas-eebp|/backend/src/main/java/com/eebp/accionistas/backend/accionistas/services/personaservice.java(161:17)|/backend/src/main/java/com/eebp/accionistas/backend/accionistas/services/personaservice.java(161:77)|org.jsoup.nodes.Element.text(java.lang.String)|SYMBOL_KIND_METHOD|SYMBOL_USE_INVOCATION
PLACEHOLDER_CLIENT_ID|CLIENT|/data/ucov/repro/jsoup/Clients/jaig1995/accionistas-eebp|/backend/src/main/java/com/eebp/accionistas/backend/accionistas/services/personaservice.java(164:17)|/backend/src/main/java/com/eebp/accionistas/backend/accionistas/services/personaservice.java(164:68)|org.jsoup.nodes.Element.selectFirst(java.lang.String)|SYMBOL_KIND_METHOD|SYMBOL_USE_INVOCATION
PLACEHOLDER_CLIENT_ID|CLIENT|/data/ucov/repro/jsoup/Clients/jaig1995/accionistas-eebp|/backend/src/main/java/com/eebp/accionistas/backend/accionistas/services/personaservice.java(164:17)|/backend/src/main/java/com/eebp/accionistas/backend/accionistas/services/personaservice.java(164:79)|org.jsoup.nodes.Element.text(java.lang.String)|SYMBOL_KIND_METHOD|SYMBOL_USE_INVOCATION
PLACEHOLDER_CLIENT_ID|CLIENT|/data/ucov/repro/jsoup/Clients/jaig1995/accionistas-eebp|/backend/src/main/java/com/eebp/accionistas/backend/accionistas/services/personaservice.java(196:9)|/backend/src/main/java/com/eebp/accionistas/backend/accionistas/services/personaservice.java(196:219)|org.jsoup.nodes.Element.html(java.lang.String)|SYMBOL_KIND_METHOD|SYMBOL_USE_INVOCATION
PLACEHOLDER_CLIENT_ID|CLIENT|/data/ucov/repro/jsoup/Clients/jaig1995/accionistas-eebp|/backend/src/main/java/com/eebp/accionistas/backend/accionistas/services/personaservice.java(196:9)|/backend/src/main/java/com/eebp/accionistas/backend/accionistas/services/personaservice.java(196:38)|org.jsoup.nodes.Element.selectFirst(java.lang.String)|SYMBOL_KIND_METHOD|SYMBOL_USE_INVOCATION
PLACEHOLDER_CLIENT_ID|CLIENT|/data/ucov/repro/jsoup/Clients/jaig1995/accionistas-eebp|/backend/src/main/java/com/eebp/accionistas/backend/accionistas/services/personaservice.java(208:13)|/backend/src/main/java/com/eebp/accionistas/backend/accionistas/services/personaservice.java(208:158)|org.jsoup.nodes.Element.html(java.lang.String)|SYMBOL_KIND_METHOD|SYMBOL_USE_INVOCATION
PLACEHOLDER_CLIENT_ID|CLIENT|/data/ucov/repro/jsoup/Clients/jaig1995/accionistas-eebp|/backend/src/main/java/com/eebp/accionistas/backend/accionistas/services/personaservice.java(208:13)|/backend/src/main/java/com/eebp/accionistas/backend/accionistas/services/personaservice.java(208:43)|org.jsoup.nodes.Element.selectFirst(java.lang.String)|SYMBOL_KIND_METHOD|SYMBOL_USE_INVOCATION
PLACEHOLDER_CLIENT_ID|CLIENT|/data/ucov/repro/jsoup/Clients/jaig1995/accionistas-eebp|/backend/src/main/java/com/eebp/accionistas/backend/accionistas/services/personaservice.java(213:9)|/backend/src/main/java/com/eebp/accionistas/backend/accionistas/services/personaservice.java(213:33)|org.jsoup.nodes.Document.outputSettings()|SYMBOL_KIND_METHOD|SYMBOL_USE_INVOCATION
PLACEHOLDER_CLIENT_ID|CLIENT|/data/ucov/repro/jsoup/Clients/jaig1995/accionistas-eebp|/backend/src/main/java/com/eebp/accionistas/backend/accionistas/services/personaservice.java(213:9)|/backend/src/main/java/com/eebp/accionistas/backend/accionistas/services/personaservice.java(213:77)|org.jsoup.nodes.Document$OutputSettings.syntax(org.jsoup.nodes.Document$OutputSettings$Syntax)|SYMBOL_KIND_METHOD|SYMBOL_USE_INVOCATION
PLACEHOLDER_CLIENT_ID|CLIENT|/data/ucov/repro/jsoup/Clients/jaig1995/accionistas-eebp|/backend/src/main/java/com/eebp/accionistas/backend/accionistas/services/personaservice.java(218:33)|/backend/src/main/java/com/eebp/accionistas/backend/accionistas/services/personaservice.java(218:44)|org.jsoup.helper.W3CDom()|SYMBOL_KIND_CONSTRUCTOR|SYMBOL_USE_INVOCATION
PLACEHOLDER_CLIENT_ID|CLIENT|/data/ucov/repro/jsoup/Clients/jaig1995/accionistas-eebp|/backend/src/main/java/com/eebp/accionistas/backend/accionistas/services/personaservice.java(218:33)|/backend/src/main/java/com/eebp/accionistas/backend/accionistas/services/personaservice.java(218:44)|org.jsoup.helper.W3CDom|SYMBOL_KIND_CLASS|SYMBOL_USE_INSTANTIATION
PLACEHOLDER_CLIENT_ID|CLIENT|/data/ucov/repro/jsoup/Clients/jaig1995/accionistas-eebp|/backend/src/main/java/com/eebp/accionistas/backend/accionistas/services/personaservice.java(218:33)|/backend/src/main/java/com/eebp/accionistas/backend/accionistas/services/personaservice.java(218:64)|org.jsoup.helper.W3CDom.fromJsoup(org.jsoup.nodes.Document)|SYMBOL_KIND_METHOD|SYMBOL_USE_INVOCATION
PLACEHOLDER_CLIENT_ID|CLIENT|/data/ucov/repro/jsoup/Clients/jaig1995/accionistas-eebp|/backend/src/main/java/com/eebp/accionistas/backend/accionistas/services/personaservice.java(218:37)|/backend/src/main/java/com/eebp/accionistas/backend/accionistas/services/personaservice.java(218:42)|org.jsoup.helper.W3CDom|SYMBOL_KIND_TYPE|SYMBOL_USE_TYPE_REFERENCE
PLACEHOLDER_CLIENT_ID|CLIENT|/data/ucov/repro/jsoup/Clients/jaig1995/accionistas-eebp|/backend/src/main/java/com/eebp/accionistas/backend/accionistas/services/personaservice.java(227:29)|/backend/src/main/java/com/eebp/accionistas/backend/accionistas/services/personaservice.java(227:59)|org.jsoup.Jsoup.parse(java.io.File,java.lang.String)|SYMBOL_KIND_METHOD|SYMBOL_USE_STATIC_INVOCATION
PLACEHOLDER_CLIENT_ID|CLIENT|/data/ucov/repro/jsoup/Clients/jaig1995/accionistas-eebp|/backend/src/main/java/com/eebp/accionistas/backend/accionistas/services/personaservice.java(227:9)|/backend/src/main/java/com/eebp/accionistas/backend/accionistas/services/personaservice.java(227:16)|org.jsoup.nodes.Document|SYMBOL_KIND_TYPE|SYMBOL_USE_TYPE_REFERENCE
PLACEHOLDER_CLIENT_ID|CLIENT|/data/ucov/repro/jsoup/Clients/jaig1995/accionistas-eebp|/backend/src/main/java/com/eebp/accionistas/backend/accionistas/services/personaservice.java(229:9)|/backend/src/main/java/com/eebp/accionistas/backend/accionistas/services/personaservice.java(229:43)|org.jsoup.nodes.Element.selectFirst(java.lang.String)|SYMBOL_KIND_METHOD|SYMBOL_USE_INVOCATION
PLACEHOLDER_CLIENT_ID|CLIENT|/data/ucov/repro/jsoup/Clients/jaig1995/accionistas-eebp|/backend/src/main/java/com/eebp/accionistas/backend/accionistas/services/personaservice.java(229:9)|/backend/src/main/java/com/eebp/accionistas/backend/accionistas/services/personaservice.java(229:79)|org.jsoup.nodes.Element.text(java.lang.String)|SYMBOL_KIND_METHOD|SYMBOL_USE_INVOCATION
PLACEHOLDER_CLIENT_ID|CLIENT|/data/ucov/repro/jsoup/Clients/jaig1995/accionistas-eebp|/backend/src/main/java/com/eebp/accionistas/backend/accionistas/services/personaservice.java(232:13)|/backend/src/main/java/com/eebp/accionistas/backend/accionistas/services/personaservice.java(232:43)|org.jsoup.nodes.Element.selectFirst(java.lang.String)|SYMBOL_KIND_METHOD|SYMBOL_USE_INVOCATION
PLACEHOLDER_CLIENT_ID|CLIENT|/data/ucov/repro/jsoup/Clients/jaig1995/accionistas-eebp|/backend/src/main/java/com/eebp/accionistas/backend/accionistas/services/personaservice.java(232:13)|/backend/src/main/java/com/eebp/accionistas/backend/accionistas/services/personaservice.java(236:68)|org.jsoup.nodes.Element.text(java.lang.String)|SYMBOL_KIND_METHOD|SYMBOL_USE_INVOCATION
PLACEHOLDER_CLIENT_ID|CLIENT|/data/ucov/repro/jsoup/Clients/jaig1995/accionistas-eebp|/backend/src/main/java/com/eebp/accionistas/backend/accionistas/services/personaservice.java(238:13)|/backend/src/main/java/com/eebp/accionistas/backend/accionistas/services/personaservice.java(238:43)|org.jsoup.nodes.Element.selectFirst(java.lang.String)|SYMBOL_KIND_METHOD|SYMBOL_USE_INVOCATION
PLACEHOLDER_CLIENT_ID|CLIENT|/data/ucov/repro/jsoup/Clients/jaig1995/accionistas-eebp|/backend/src/main/java/com/eebp/accionistas/backend/accionistas/services/personaservice.java(238:13)|/backend/src/main/java/com/eebp/accionistas/backend/accionistas/services/personaservice.java(238:94)|org.jsoup.nodes.Element.text(java.lang.String)|SYMBOL_KIND_METHOD|SYMBOL_USE_INVOCATION
PLACEHOLDER_CLIENT_ID|CLIENT|/data/ucov/repro/jsoup/Clients/jaig1995/accionistas-eebp|/backend/src/main/java/com/eebp/accionistas/backend/accionistas/services/personaservice.java(241:9)|/backend/src/main/java/com/eebp/accionistas/backend/accionistas/services/personaservice.java(241:45)|org.jsoup.nodes.Element.selectFirst(java.lang.String)|SYMBOL_KIND_METHOD|SYMBOL_USE_INVOCATION
PLACEHOLDER_CLIENT_ID|CLIENT|/data/ucov/repro/jsoup/Clients/jaig1995/accionistas-eebp|/backend/src/main/java/com/eebp/accionistas/backend/accionistas/services/personaservice.java(241:9)|/backend/src/main/java/com/eebp/accionistas/backend/accionistas/services/personaservice.java(241:83)|org.jsoup.nodes.Element.text(java.lang.String)|SYMBOL_KIND_METHOD|SYMBOL_USE_INVOCATION
PLACEHOLDER_CLIENT_ID|CLIENT|/data/ucov/repro/jsoup/Clients/jaig1995/accionistas-eebp|/backend/src/main/java/com/eebp/accionistas/backend/accionistas/services/personaservice.java(242:9)|/backend/src/main/java/com/eebp/accionistas/backend/accionistas/services/personaservice.java(242:46)|org.jsoup.nodes.Element.selectFirst(java.lang.String)|SYMBOL_KIND_METHOD|SYMBOL_USE_INVOCATION
PLACEHOLDER_CLIENT_ID|CLIENT|/data/ucov/repro/jsoup/Clients/jaig1995/accionistas-eebp|/backend/src/main/java/com/eebp/accionistas/backend/accionistas/services/personaservice.java(242:9)|/backend/src/main/java/com/eebp/accionistas/backend/accionistas/services/personaservice.java(242:85)|org.jsoup.nodes.Element.text(java.lang.String)|SYMBOL_KIND_METHOD|SYMBOL_USE_INVOCATION
PLACEHOLDER_CLIENT_ID|CLIENT|/data/ucov/repro/jsoup/Clients/jaig1995/accionistas-eebp|/backend/src/main/java/com/eebp/accionistas/backend/accionistas/services/personaservice.java(243:9)|/backend/src/main/java/com/eebp/accionistas/backend/accionistas/services/personaservice.java(243:43)|org.jsoup.nodes.Element.selectFirst(java.lang.String)|SYMBOL_KIND_METHOD|SYMBOL_USE_INVOCATION
PLACEHOLDER_CLIENT_ID|CLIENT|/data/ucov/repro/jsoup/Clients/jaig1995/accionistas-eebp|/backend/src/main/java/com/eebp/accionistas/backend/accionistas/services/personaservice.java(243:9)|/backend/src/main/java/com/eebp/accionistas/backend/accionistas/services/personaservice.java(243:79)|org.jsoup.nodes.Element.text(java.lang.String)|SYMBOL_KIND_METHOD|SYMBOL_USE_INVOCATION
PLACEHOLDER_CLIENT_ID|CLIENT|/data/ucov/repro/jsoup/Clients/jaig1995/accionistas-eebp|/backend/src/main/java/com/eebp/accionistas/backend/accionistas/services/personaservice.java(244:9)|/backend/src/main/java/com/eebp/accionistas/backend/accionistas/services/personaservice.java(244:45)|org.jsoup.nodes.Element.selectFirst(java.lang.String)|SYMBOL_KIND_METHOD|SYMBOL_USE_INVOCATION
PLACEHOLDER_CLIENT_ID|CLIENT|/data/ucov/repro/jsoup/Clients/jaig1995/accionistas-eebp|/backend/src/main/java/com/eebp/accionistas/backend/accionistas/services/personaservice.java(244:9)|/backend/src/main/java/com/eebp/accionistas/backend/accionistas/services/personaservice.java(244:84)|org.jsoup.nodes.Element.text(java.lang.String)|SYMBOL_KIND_METHOD|SYMBOL_USE_INVOCATION
PLACEHOLDER_CLIENT_ID|CLIENT|/data/ucov/repro/jsoup/Clients/jaig1995/accionistas-eebp|/backend/src/main/java/com/eebp/accionistas/backend/accionistas/services/personaservice.java(247:13)|/backend/src/main/java/com/eebp/accionistas/backend/accionistas/services/personaservice.java(247:55)|org.jsoup.nodes.Element.selectFirst(java.lang.String)|SYMBOL_KIND_METHOD|SYMBOL_USE_INVOCATION
PLACEHOLDER_CLIENT_ID|CLIENT|/data/ucov/repro/jsoup/Clients/jaig1995/accionistas-eebp|/backend/src/main/java/com/eebp/accionistas/backend/accionistas/services/personaservice.java(247:13)|/backend/src/main/java/com/eebp/accionistas/backend/accionistas/services/personaservice.java(247:66)|org.jsoup.nodes.Element.text(java.lang.String)|SYMBOL_KIND_METHOD|SYMBOL_USE_INVOCATION
PLACEHOLDER_CLIENT_ID|CLIENT|/data/ucov/repro/jsoup/Clients/jaig1995/accionistas-eebp|/backend/src/main/java/com/eebp/accionistas/backend/accionistas/services/personaservice.java(249:13)|/backend/src/main/java/com/eebp/accionistas/backend/accionistas/services/personaservice.java(249:58)|org.jsoup.nodes.Element.selectFirst(java.lang.String)|SYMBOL_KIND_METHOD|SYMBOL_USE_INVOCATION
PLACEHOLDER_CLIENT_ID|CLIENT|/data/ucov/repro/jsoup/Clients/jaig1995/accionistas-eebp|/backend/src/main/java/com/eebp/accionistas/backend/accionistas/services/personaservice.java(249:13)|/backend/src/main/java/com/eebp/accionistas/backend/accionistas/services/personaservice.java(249:69)|org.jsoup.nodes.Element.text(java.lang.String)|SYMBOL_KIND_METHOD|SYMBOL_USE_INVOCATION
PLACEHOLDER_CLIENT_ID|CLIENT|/data/ucov/repro/jsoup/Clients/jaig1995/accionistas-eebp|/backend/src/main/java/com/eebp/accionistas/backend/accionistas/services/personaservice.java(252:9)|/backend/src/main/java/com/eebp/accionistas/backend/accionistas/services/personaservice.java(252:44)|org.jsoup.nodes.Element.selectFirst(java.lang.String)|SYMBOL_KIND_METHOD|SYMBOL_USE_INVOCATION
PLACEHOLDER_CLIENT_ID|CLIENT|/data/ucov/repro/jsoup/Clients/jaig1995/accionistas-eebp|/backend/src/main/java/com/eebp/accionistas/backend/accionistas/services/personaservice.java(252:9)|/backend/src/main/java/com/eebp/accionistas/backend/accionistas/services/personaservice.java(252:92)|org.jsoup.nodes.Element.text(java.lang.String)|SYMBOL_KIND_METHOD|SYMBOL_USE_INVOCATION
PLACEHOLDER_CLIENT_ID|CLIENT|/data/ucov/repro/jsoup/Clients/jaig1995/accionistas-eebp|/backend/src/main/java/com/eebp/accionistas/backend/accionistas/services/personaservice.java(255:13)|/backend/src/main/java/com/eebp/accionistas/backend/accionistas/services/personaservice.java(255:53)|org.jsoup.nodes.Element.selectFirst(java.lang.String)|SYMBOL_KIND_METHOD|SYMBOL_USE_INVOCATION
PLACEHOLDER_CLIENT_ID|CLIENT|/data/ucov/repro/jsoup/Clients/jaig1995/accionistas-eebp|/backend/src/main/java/com/eebp/accionistas/backend/accionistas/services/personaservice.java(255:13)|/backend/src/main/java/com/eebp/accionistas/backend/accionistas/services/personaservice.java(255:64)|org.jsoup.nodes.Element.text(java.lang.String)|SYMBOL_KIND_METHOD|SYMBOL_USE_INVOCATION
PLACEHOLDER_CLIENT_ID|CLIENT|/data/ucov/repro/jsoup/Clients/jaig1995/accionistas-eebp|/backend/src/main/java/com/eebp/accionistas/backend/accionistas/services/personaservice.java(257:13)|/backend/src/main/java/com/eebp/accionistas/backend/accionistas/services/personaservice.java(257:53)|org.jsoup.nodes.Element.selectFirst(java.lang.String)|SYMBOL_KIND_METHOD|SYMBOL_USE_INVOCATION
PLACEHOLDER_CLIENT_ID|CLIENT|/data/ucov/repro/jsoup/Clients/jaig1995/accionistas-eebp|/backend/src/main/java/com/eebp/accionistas/backend/accionistas/services/personaservice.java(257:13)|/backend/src/main/java/com/eebp/accionistas/backend/accionistas/services/personaservice.java(257:64)|org.jsoup.nodes.Element.text(java.lang.String)|SYMBOL_KIND_METHOD|SYMBOL_USE_INVOCATION
PLACEHOLDER_CLIENT_ID|CLIENT|/data/ucov/repro/jsoup/Clients/jaig1995/accionistas-eebp|/backend/src/main/java/com/eebp/accionistas/backend/accionistas/services/personaservice.java(261:13)|/backend/src/main/java/com/eebp/accionistas/backend/accionistas/services/personaservice.java(261:54)|org.jsoup.nodes.Element.selectFirst(java.lang.String)|SYMBOL_KIND_METHOD|SYMBOL_USE_INVOCATION
PLACEHOLDER_CLIENT_ID|CLIENT|/data/ucov/repro/jsoup/Clients/jaig1995/accionistas-eebp|/backend/src/main/java/com/eebp/accionistas/backend/accionistas/services/personaservice.java(261:13)|/backend/src/main/java/com/eebp/accionistas/backend/accionistas/services/personaservice.java(261:65)|org.jsoup.nodes.Element.text(java.lang.String)|SYMBOL_KIND_METHOD|SYMBOL_USE_INVOCATION
PLACEHOLDER_CLIENT_ID|CLIENT|/data/ucov/repro/jsoup/Clients/jaig1995/accionistas-eebp|/backend/src/main/java/com/eebp/accionistas/backend/accionistas/services/personaservice.java(263:13)|/backend/src/main/java/com/eebp/accionistas/backend/accionistas/services/personaservice.java(263:54)|org.jsoup.nodes.Element.selectFirst(java.lang.String)|SYMBOL_KIND_METHOD|SYMBOL_USE_INVOCATION
PLACEHOLDER_CLIENT_ID|CLIENT|/data/ucov/repro/jsoup/Clients/jaig1995/accionistas-eebp|/backend/src/main/java/com/eebp/accionistas/backend/accionistas/services/personaservice.java(263:13)|/backend/src/main/java/com/eebp/accionistas/backend/accionistas/services/personaservice.java(263:65)|org.jsoup.nodes.Element.text(java.lang.String)|SYMBOL_KIND_METHOD|SYMBOL_USE_INVOCATION
PLACEHOLDER_CLIENT_ID|CLIENT|/data/ucov/repro/jsoup/Clients/jaig1995/accionistas-eebp|/backend/src/main/java/com/eebp/accionistas/backend/accionistas/services/personaservice.java(267:13)|/backend/src/main/java/com/eebp/accionistas/backend/accionistas/services/personaservice.java(267:53)|org.jsoup.nodes.Element.selectFirst(java.lang.String)|SYMBOL_KIND_METHOD|SYMBOL_USE_INVOCATION
PLACEHOLDER_CLIENT_ID|CLIENT|/data/ucov/repro/jsoup/Clients/jaig1995/accionistas-eebp|/backend/src/main/java/com/eebp/accionistas/backend/accionistas/services/personaservice.java(267:13)|/backend/src/main/java/com/eebp/accionistas/backend/accionistas/services/personaservice.java(267:64)|org.jsoup.nodes.Element.text(java.lang.String)|SYMBOL_KIND_METHOD|SYMBOL_USE_INVOCATION
PLACEHOLDER_CLIENT_ID|CLIENT|/data/ucov/repro/jsoup/Clients/jaig1995/accionistas-eebp|/backend/src/main/java/com/eebp/accionistas/backend/accionistas/services/personaservice.java(269:13)|/backend/src/main/java/com/eebp/accionistas/backend/accionistas/services/personaservice.java(269:53)|org.jsoup.nodes.Element.selectFirst(java.lang.String)|SYMBOL_KIND_METHOD|SYMBOL_USE_INVOCATION
PLACEHOLDER_CLIENT_ID|CLIENT|/data/ucov/repro/jsoup/Clients/jaig1995/accionistas-eebp|/backend/src/main/java/com/eebp/accionistas/backend/accionistas/services/personaservice.java(269:13)|/backend/src/main/java/com/eebp/accionistas/backend/accionistas/services/personaservice.java(269:64)|org.jsoup.nodes.Element.text(java.lang.String)|SYMBOL_KIND_METHOD|SYMBOL_USE_INVOCATION
PLACEHOLDER_CLIENT_ID|CLIENT|/data/ucov/repro/jsoup/Clients/jaig1995/accionistas-eebp|/backend/src/main/java/com/eebp/accionistas/backend/accionistas/services/personaservice.java(273:13)|/backend/src/main/java/com/eebp/accionistas/backend/accionistas/services/personaservice.java(273:54)|org.jsoup.nodes.Element.selectFirst(java.lang.String)|SYMBOL_KIND_METHOD|SYMBOL_USE_INVOCATION
PLACEHOLDER_CLIENT_ID|CLIENT|/data/ucov/repro/jsoup/Clients/jaig1995/accionistas-eebp|/backend/src/main/java/com/eebp/accionistas/backend/accionistas/services/personaservice.java(273:13)|/backend/src/main/java/com/eebp/accionistas/backend/accionistas/services/personaservice.java(273:65)|org.jsoup.nodes.Element.text(java.lang.String)|SYMBOL_KIND_METHOD|SYMBOL_USE_INVOCATION
PLACEHOLDER_CLIENT_ID|CLIENT|/data/ucov/repro/jsoup/Clients/jaig1995/accionistas-eebp|/backend/src/main/java/com/eebp/accionistas/backend/accionistas/services/personaservice.java(275:13)|/backend/src/main/java/com/eebp/accionistas/backend/accionistas/services/personaservice.java(275:54)|org.jsoup.nodes.Element.selectFirst(java.lang.String)|SYMBOL_KIND_METHOD|SYMBOL_USE_INVOCATION
PLACEHOLDER_CLIENT_ID|CLIENT|/data/ucov/repro/jsoup/Clients/jaig1995/accionistas-eebp|/backend/src/main/java/com/eebp/accionistas/backend/accionistas/services/personaservice.java(275:13)|/backend/src/main/java/com/eebp/accionistas/backend/accionistas/services/personaservice.java(275:65)|org.jsoup.nodes.Element.text(java.lang.String)|SYMBOL_KIND_METHOD|SYMBOL_USE_INVOCATION
PLACEHOLDER_CLIENT_ID|CLIENT|/data/ucov/repro/jsoup/Clients/jaig1995/accionistas-eebp|/backend/src/main/java/com/eebp/accionistas/backend/accionistas/services/personaservice.java(279:13)|/backend/src/main/java/com/eebp/accionistas/backend/accionistas/services/personaservice.java(279:52)|org.jsoup.nodes.Element.selectFirst(java.lang.String)|SYMBOL_KIND_METHOD|SYMBOL_USE_INVOCATION
PLACEHOLDER_CLIENT_ID|CLIENT|/data/ucov/repro/jsoup/Clients/jaig1995/accionistas-eebp|/backend/src/main/java/com/eebp/accionistas/backend/accionistas/services/personaservice.java(279:13)|/backend/src/main/java/com/eebp/accionistas/backend/accionistas/services/personaservice.java(279:63)|org.jsoup.nodes.Element.text(java.lang.String)|SYMBOL_KIND_METHOD|SYMBOL_USE_INVOCATION
PLACEHOLDER_CLIENT_ID|CLIENT|/data/ucov/repro/jsoup/Clients/jaig1995/accionistas-eebp|/backend/src/main/java/com/eebp/accionistas/backend/accionistas/services/personaservice.java(281:13)|/backend/src/main/java/com/eebp/accionistas/backend/accionistas/services/personaservice.java(281:52)|org.jsoup.nodes.Element.selectFirst(java.lang.String)|SYMBOL_KIND_METHOD|SYMBOL_USE_INVOCATION
PLACEHOLDER_CLIENT_ID|CLIENT|/data/ucov/repro/jsoup/Clients/jaig1995/accionistas-eebp|/backend/src/main/java/com/eebp/accionistas/backend/accionistas/services/personaservice.java(281:13)|/backend/src/main/java/com/eebp/accionistas/backend/accionistas/services/personaservice.java(281:63)|org.jsoup.nodes.Element.text(java.lang.String)|SYMBOL_KIND_METHOD|SYMBOL_USE_INVOCATION
PLACEHOLDER_CLIENT_ID|CLIENT|/data/ucov/repro/jsoup/Clients/jaig1995/accionistas-eebp|/backend/src/main/java/com/eebp/accionistas/backend/accionistas/services/personaservice.java(283:9)|/backend/src/main/java/com/eebp/accionistas/backend/accionistas/services/personaservice.java(283:219)|org.jsoup.nodes.Element.html(java.lang.String)|SYMBOL_KIND_METHOD|SYMBOL_USE_INVOCATION
PLACEHOLDER_CLIENT_ID|CLIENT|/data/ucov/repro/jsoup/Clients/jaig1995/accionistas-eebp|/backend/src/main/java/com/eebp/accionistas/backend/accionistas/services/personaservice.java(283:9)|/backend/src/main/java/com/eebp/accionistas/backend/accionistas/services/personaservice.java(283:38)|org.jsoup.nodes.Element.selectFirst(java.lang.String)|SYMBOL_KIND_METHOD|SYMBOL_USE_INVOCATION
PLACEHOLDER_CLIENT_ID|CLIENT|/data/ucov/repro/jsoup/Clients/jaig1995/accionistas-eebp|/backend/src/main/java/com/eebp/accionistas/backend/accionistas/services/personaservice.java(284:9)|/backend/src/main/java/com/eebp/accionistas/backend/accionistas/services/personaservice.java(284:47)|org.jsoup.nodes.Element.selectFirst(java.lang.String)|SYMBOL_KIND_METHOD|SYMBOL_USE_INVOCATION
PLACEHOLDER_CLIENT_ID|CLIENT|/data/ucov/repro/jsoup/Clients/jaig1995/accionistas-eebp|/backend/src/main/java/com/eebp/accionistas/backend/accionistas/services/personaservice.java(284:9)|/backend/src/main/java/com/eebp/accionistas/backend/accionistas/services/personaservice.java(284:83)|org.jsoup.nodes.Element.text(java.lang.String)|SYMBOL_KIND_METHOD|SYMBOL_USE_INVOCATION
PLACEHOLDER_CLIENT_ID|CLIENT|/data/ucov/repro/jsoup/Clients/jaig1995/accionistas-eebp|/backend/src/main/java/com/eebp/accionistas/backend/accionistas/services/personaservice.java(287:9)|/backend/src/main/java/com/eebp/accionistas/backend/accionistas/services/personaservice.java(287:111)|org.jsoup.nodes.Element.text(java.lang.String)|SYMBOL_KIND_METHOD|SYMBOL_USE_INVOCATION
PLACEHOLDER_CLIENT_ID|CLIENT|/data/ucov/repro/jsoup/Clients/jaig1995/accionistas-eebp|/backend/src/main/java/com/eebp/accionistas/backend/accionistas/services/personaservice.java(287:9)|/backend/src/main/java/com/eebp/accionistas/backend/accionistas/services/personaservice.java(287:38)|org.jsoup.nodes.Element.selectFirst(java.lang.String)|SYMBOL_KIND_METHOD|SYMBOL_USE_INVOCATION
PLACEHOLDER_CLIENT_ID|CLIENT|/data/ucov/repro/jsoup/Clients/jaig1995/accionistas-eebp|/backend/src/main/java/com/eebp/accionistas/backend/accionistas/services/personaservice.java(289:9)|/backend/src/main/java/com/eebp/accionistas/backend/accionistas/services/personaservice.java(289:33)|org.jsoup.nodes.Document.outputSettings()|SYMBOL_KIND_METHOD|SYMBOL_USE_INVOCATION
PLACEHOLDER_CLIENT_ID|CLIENT|/data/ucov/repro/jsoup/Clients/jaig1995/accionistas-eebp|/backend/src/main/java/com/eebp/accionistas/backend/accionistas/services/personaservice.java(289:9)|/backend/src/main/java/com/eebp/accionistas/backend/accionistas/services/personaservice.java(289:77)|org.jsoup.nodes.Document$OutputSettings.syntax(org.jsoup.nodes.Document$OutputSettings$Syntax)|SYMBOL_KIND_METHOD|SYMBOL_USE_INVOCATION
PLACEHOLDER_CLIENT_ID|CLIENT|/data/ucov/repro/jsoup/Clients/jaig1995/accionistas-eebp|/backend/src/main/java/com/eebp/accionistas/backend/accionistas/services/personaservice.java(294:33)|/backend/src/main/java/com/eebp/accionistas/backend/accionistas/services/personaservice.java(294:44)|org.jsoup.helper.W3CDom()|SYMBOL_KIND_CONSTRUCTOR|SYMBOL_USE_INVOCATION
PLACEHOLDER_CLIENT_ID|CLIENT|/data/ucov/repro/jsoup/Clients/jaig1995/accionistas-eebp|/backend/src/main/java/com/eebp/accionistas/backend/accionistas/services/personaservice.java(294:33)|/backend/src/main/java/com/eebp/accionistas/backend/accionistas/services/personaservice.java(294:44)|org.jsoup.helper.W3CDom|SYMBOL_KIND_CLASS|SYMBOL_USE_INSTANTIATION
PLACEHOLDER_CLIENT_ID|CLIENT|/data/ucov/repro/jsoup/Clients/jaig1995/accionistas-eebp|/backend/src/main/java/com/eebp/accionistas/backend/accionistas/services/personaservice.java(294:33)|/backend/src/main/java/com/eebp/accionistas/backend/accionistas/services/personaservice.java(294:64)|org.jsoup.helper.W3CDom.fromJsoup(org.jsoup.nodes.Document)|SYMBOL_KIND_METHOD|SYMBOL_USE_INVOCATION
PLACEHOLDER_CLIENT_ID|CLIENT|/data/ucov/repro/jsoup/Clients/jaig1995/accionistas-eebp|/backend/src/main/java/com/eebp/accionistas/backend/accionistas/services/personaservice.java(294:37)|/backend/src/main/java/com/eebp/accionistas/backend/accionistas/services/personaservice.java(294:42)|org.jsoup.helper.W3CDom|SYMBOL_KIND_TYPE|SYMBOL_USE_TYPE_REFERENCE
PLACEHOLDER_CLIENT_ID|CLIENT|/data/ucov/repro/jsoup/Clients/jaig1995/accionistas-eebp|/backend/src/main/java/com/eebp/accionistas/backend/accionistas/services/personaservice.java(302:29)|/backend/src/main/java/com/eebp/accionistas/backend/accionistas/services/personaservice.java(302:59)|org.jsoup.Jsoup.parse(java.io.File,java.lang.String)|SYMBOL_KIND_METHOD|SYMBOL_USE_STATIC_INVOCATION
PLACEHOLDER_CLIENT_ID|CLIENT|/data/ucov/repro/jsoup/Clients/jaig1995/accionistas-eebp|/backend/src/main/java/com/eebp/accionistas/backend/accionistas/services/personaservice.java(302:9)|/backend/src/main/java/com/eebp/accionistas/backend/accionistas/services/personaservice.java(302:16)|org.jsoup.nodes.Document|SYMBOL_KIND_TYPE|SYMBOL_USE_TYPE_REFERENCE
PLACEHOLDER_CLIENT_ID|CLIENT|/data/ucov/repro/jsoup/Clients/jaig1995/accionistas-eebp|/backend/src/main/java/com/eebp/accionistas/backend/accionistas/services/personaservice.java(326:13)|/backend/src/main/java/com/eebp/accionistas/backend/accionistas/services/personaservice.java(326:43)|org.jsoup.nodes.Element.selectFirst(java.lang.String)|SYMBOL_KIND_METHOD|SYMBOL_USE_INVOCATION
PLACEHOLDER_CLIENT_ID|CLIENT|/data/ucov/repro/jsoup/Clients/jaig1995/accionistas-eebp|/backend/src/main/java/com/eebp/accionistas/backend/accionistas/services/personaservice.java(326:13)|/backend/src/main/java/com/eebp/accionistas/backend/accionistas/services/personaservice.java(326:96)|org.jsoup.nodes.Element.text(java.lang.String)|SYMBOL_KIND_METHOD|SYMBOL_USE_INVOCATION
PLACEHOLDER_CLIENT_ID|CLIENT|/data/ucov/repro/jsoup/Clients/jaig1995/accionistas-eebp|/backend/src/main/java/com/eebp/accionistas/backend/accionistas/services/personaservice.java(328:13)|/backend/src/main/java/com/eebp/accionistas/backend/accionistas/services/personaservice.java(328:101)|org.jsoup.nodes.Element.text(java.lang.String)|SYMBOL_KIND_METHOD|SYMBOL_USE_INVOCATION
PLACEHOLDER_CLIENT_ID|CLIENT|/data/ucov/repro/jsoup/Clients/jaig1995/accionistas-eebp|/backend/src/main/java/com/eebp/accionistas/backend/accionistas/services/personaservice.java(328:13)|/backend/src/main/java/com/eebp/accionistas/backend/accionistas/services/personaservice.java(328:51)|org.jsoup.nodes.Element.selectFirst(java.lang.String)|SYMBOL_KIND_METHOD|SYMBOL_USE_INVOCATION
PLACEHOLDER_CLIENT_ID|CLIENT|/data/ucov/repro/jsoup/Clients/jaig1995/accionistas-eebp|/backend/src/main/java/com/eebp/accionistas/backend/accionistas/services/personaservice.java(329:13)|/backend/src/main/java/com/eebp/accionistas/backend/accionistas/services/personaservice.java(329:100)|org.jsoup.nodes.Element.text(java.lang.String)|SYMBOL_KIND_METHOD|SYMBOL_USE_INVOCATION
PLACEHOLDER_CLIENT_ID|CLIENT|/data/ucov/repro/jsoup/Clients/jaig1995/accionistas-eebp|/backend/src/main/java/com/eebp/accionistas/backend/accionistas/services/personaservice.java(329:13)|/backend/src/main/java/com/eebp/accionistas/backend/accionistas/services/personaservice.java(329:47)|org.jsoup.nodes.Element.selectFirst(java.lang.String)|SYMBOL_KIND_METHOD|SYMBOL_USE_INVOCATION
PLACEHOLDER_CLIENT_ID|CLIENT|/data/ucov/repro/jsoup/Clients/jaig1995/accionistas-eebp|/backend/src/main/java/com/eebp/accionistas/backend/accionistas/services/personaservice.java(330:13)|/backend/src/main/java/com/eebp/accionistas/backend/accionistas/services/personaservice.java(330:40)|org.jsoup.nodes.Element.selectFirst(java.lang.String)|SYMBOL_KIND_METHOD|SYMBOL_USE_INVOCATION
PLACEHOLDER_CLIENT_ID|CLIENT|/data/ucov/repro/jsoup/Clients/jaig1995/accionistas-eebp|/backend/src/main/java/com/eebp/accionistas/backend/accionistas/services/personaservice.java(330:13)|/backend/src/main/java/com/eebp/accionistas/backend/accionistas/services/personaservice.java(330:90)|org.jsoup.nodes.Element.text(java.lang.String)|SYMBOL_KIND_METHOD|SYMBOL_USE_INVOCATION
PLACEHOLDER_CLIENT_ID|CLIENT|/data/ucov/repro/jsoup/Clients/jaig1995/accionistas-eebp|/backend/src/main/java/com/eebp/accionistas/backend/accionistas/services/personaservice.java(333:13)|/backend/src/main/java/com/eebp/accionistas/backend/accionistas/services/personaservice.java(333:43)|org.jsoup.nodes.Element.selectFirst(java.lang.String)|SYMBOL_KIND_METHOD|SYMBOL_USE_INVOCATION
PLACEHOLDER_CLIENT_ID|CLIENT|/data/ucov/repro/jsoup/Clients/jaig1995/accionistas-eebp|/backend/src/main/java/com/eebp/accionistas/backend/accionistas/services/personaservice.java(333:13)|/backend/src/main/java/com/eebp/accionistas/backend/accionistas/services/personaservice.java(333:94)|org.jsoup.nodes.Element.text(java.lang.String)|SYMBOL_KIND_METHOD|SYMBOL_USE_INVOCATION
PLACEHOLDER_CLIENT_ID|CLIENT|/data/ucov/repro/jsoup/Clients/jaig1995/accionistas-eebp|/backend/src/main/java/com/eebp/accionistas/backend/accionistas/services/personaservice.java(334:13)|/backend/src/main/java/com/eebp/accionistas/backend/accionistas/services/personaservice.java(334:102)|org.jsoup.nodes.Element.text(java.lang.String)|SYMBOL_KIND_METHOD|SYMBOL_USE_INVOCATION
PLACEHOLDER_CLIENT_ID|CLIENT|/data/ucov/repro/jsoup/Clients/jaig1995/accionistas-eebp|/backend/src/main/java/com/eebp/accionistas/backend/accionistas/services/personaservice.java(334:13)|/backend/src/main/java/com/eebp/accionistas/backend/accionistas/services/personaservice.java(334:51)|org.jsoup.nodes.Element.selectFirst(java.lang.String)|SYMBOL_KIND_METHOD|SYMBOL_USE_INVOCATION
PLACEHOLDER_CLIENT_ID|CLIENT|/data/ucov/repro/jsoup/Clients/jaig1995/accionistas-eebp|/backend/src/main/java/com/eebp/accionistas/backend/accionistas/services/personaservice.java(338:13)|/backend/src/main/java/com/eebp/accionistas/backend/accionistas/services/personaservice.java(338:173)|org.jsoup.nodes.Element.text(java.lang.String)|SYMBOL_KIND_METHOD|SYMBOL_USE_INVOCATION
PLACEHOLDER_CLIENT_ID|CLIENT|/data/ucov/repro/jsoup/Clients/jaig1995/accionistas-eebp|/backend/src/main/java/com/eebp/accionistas/backend/accionistas/services/personaservice.java(338:13)|/backend/src/main/java/com/eebp/accionistas/backend/accionistas/services/personaservice.java(338:46)|org.jsoup.nodes.Element.selectFirst(java.lang.String)|SYMBOL_KIND_METHOD|SYMBOL_USE_INVOCATION
PLACEHOLDER_CLIENT_ID|CLIENT|/data/ucov/repro/jsoup/Clients/jaig1995/accionistas-eebp|/backend/src/main/java/com/eebp/accionistas/backend/accionistas/services/personaservice.java(339:13)|/backend/src/main/java/com/eebp/accionistas/backend/accionistas/services/personaservice.java(339:174)|org.jsoup.nodes.Element.text(java.lang.String)|SYMBOL_KIND_METHOD|SYMBOL_USE_INVOCATION
PLACEHOLDER_CLIENT_ID|CLIENT|/data/ucov/repro/jsoup/Clients/jaig1995/accionistas-eebp|/backend/src/main/java/com/eebp/accionistas/backend/accionistas/services/personaservice.java(339:13)|/backend/src/main/java/com/eebp/accionistas/backend/accionistas/services/personaservice.java(339:47)|org.jsoup.nodes.Element.selectFirst(java.lang.String)|SYMBOL_KIND_METHOD|SYMBOL_USE_INVOCATION
PLACEHOLDER_CLIENT_ID|CLIENT|/data/ucov/repro/jsoup/Clients/jaig1995/accionistas-eebp|/backend/src/main/java/com/eebp/accionistas/backend/accionistas/services/personaservice.java(342:13)|/backend/src/main/java/com/eebp/accionistas/backend/accionistas/services/personaservice.java(342:45)|org.jsoup.nodes.Element.selectFirst(java.lang.String)|SYMBOL_KIND_METHOD|SYMBOL_USE_INVOCATION
PLACEHOLDER_CLIENT_ID|CLIENT|/data/ucov/repro/jsoup/Clients/jaig1995/accionistas-eebp|/backend/src/main/java/com/eebp/accionistas/backend/accionistas/services/personaservice.java(342:13)|/backend/src/main/java/com/eebp/accionistas/backend/accionistas/services/personaservice.java(342:79)|org.jsoup.nodes.Element.text(java.lang.String)|SYMBOL_KIND_METHOD|SYMBOL_USE_INVOCATION
PLACEHOLDER_CLIENT_ID|CLIENT|/data/ucov/repro/jsoup/Clients/jaig1995/accionistas-eebp|/backend/src/main/java/com/eebp/accionistas/backend/accionistas/services/personaservice.java(343:13)|/backend/src/main/java/com/eebp/accionistas/backend/accionistas/services/personaservice.java(343:45)|org.jsoup.nodes.Element.selectFirst(java.lang.String)|SYMBOL_KIND_METHOD|SYMBOL_USE_INVOCATION
PLACEHOLDER_CLIENT_ID|CLIENT|/data/ucov/repro/jsoup/Clients/jaig1995/accionistas-eebp|/backend/src/main/java/com/eebp/accionistas/backend/accionistas/services/personaservice.java(343:13)|/backend/src/main/java/com/eebp/accionistas/backend/accionistas/services/personaservice.java(343:79)|org.jsoup.nodes.Element.text(java.lang.String)|SYMBOL_KIND_METHOD|SYMBOL_USE_INVOCATION
PLACEHOLDER_CLIENT_ID|CLIENT|/data/ucov/repro/jsoup/Clients/jaig1995/accionistas-eebp|/backend/src/main/java/com/eebp/accionistas/backend/accionistas/services/personaservice.java(360:9)|/backend/src/main/java/com/eebp/accionistas/backend/accionistas/services/personaservice.java(360:36)|org.jsoup.nodes.Element.selectFirst(java.lang.String)|SYMBOL_KIND_METHOD|SYMBOL_USE_INVOCATION
PLACEHOLDER_CLIENT_ID|CLIENT|/data/ucov/repro/jsoup/Clients/jaig1995/accionistas-eebp|/backend/src/main/java/com/eebp/accionistas/backend/accionistas/services/personaservice.java(360:9)|/backend/src/main/java/com/eebp/accionistas/backend/accionistas/services/personaservice.java(360:81)|org.jsoup.nodes.Element.text(java.lang.String)|SYMBOL_KIND_METHOD|SYMBOL_USE_INVOCATION
PLACEHOLDER_CLIENT_ID|CLIENT|/data/ucov/repro/jsoup/Clients/jaig1995/accionistas-eebp|/backend/src/main/java/com/eebp/accionistas/backend/accionistas/services/personaservice.java(361:9)|/backend/src/main/java/com/eebp/accionistas/backend/accionistas/services/personaservice.java(361:36)|org.jsoup.nodes.Element.selectFirst(java.lang.String)|SYMBOL_KIND_METHOD|SYMBOL_USE_INVOCATION
PLACEHOLDER_CLIENT_ID|CLIENT|/data/ucov/repro/jsoup/Clients/jaig1995/accionistas-eebp|/backend/src/main/java/com/eebp/accionistas/backend/accionistas/services/personaservice.java(361:9)|/backend/src/main/java/com/eebp/accionistas/backend/accionistas/services/personaservice.java(361:82)|org.jsoup.nodes.Element.text(java.lang.String)|SYMBOL_KIND_METHOD|SYMBOL_USE_INVOCATION
PLACEHOLDER_CLIENT_ID|CLIENT|/data/ucov/repro/jsoup/Clients/jaig1995/accionistas-eebp|/backend/src/main/java/com/eebp/accionistas/backend/accionistas/services/personaservice.java(362:9)|/backend/src/main/java/com/eebp/accionistas/backend/accionistas/services/personaservice.java(362:37)|org.jsoup.nodes.Element.selectFirst(java.lang.String)|SYMBOL_KIND_METHOD|SYMBOL_USE_INVOCATION
PLACEHOLDER_CLIENT_ID|CLIENT|/data/ucov/repro/jsoup/Clients/jaig1995/accionistas-eebp|/backend/src/main/java/com/eebp/accionistas/backend/accionistas/services/personaservice.java(362:9)|/backend/src/main/java/com/eebp/accionistas/backend/accionistas/services/personaservice.java(362:76)|org.jsoup.nodes.Element.text(java.lang.String)|SYMBOL_KIND_METHOD|SYMBOL_USE_INVOCATION
PLACEHOLDER_CLIENT_ID|CLIENT|/data/ucov/repro/jsoup/Clients/jaig1995/accionistas-eebp|/backend/src/main/java/com/eebp/accionistas/backend/accionistas/services/personaservice.java(364:9)|/backend/src/main/java/com/eebp/accionistas/backend/accionistas/services/personaservice.java(364:219)|org.jsoup.nodes.Element.html(java.lang.String)|SYMBOL_KIND_METHOD|SYMBOL_USE_INVOCATION
PLACEHOLDER_CLIENT_ID|CLIENT|/data/ucov/repro/jsoup/Clients/jaig1995/accionistas-eebp|/backend/src/main/java/com/eebp/accionistas/backend/accionistas/services/personaservice.java(364:9)|/backend/src/main/java/com/eebp/accionistas/backend/accionistas/services/personaservice.java(364:38)|org.jsoup.nodes.Element.selectFirst(java.lang.String)|SYMBOL_KIND_METHOD|SYMBOL_USE_INVOCATION
PLACEHOLDER_CLIENT_ID|CLIENT|/data/ucov/repro/jsoup/Clients/jaig1995/accionistas-eebp|/backend/src/main/java/com/eebp/accionistas/backend/accionistas/services/personaservice.java(374:13)|/backend/src/main/java/com/eebp/accionistas/backend/accionistas/services/personaservice.java(374:176)|org.jsoup.nodes.Element.html(java.lang.String)|SYMBOL_KIND_METHOD|SYMBOL_USE_INVOCATION
PLACEHOLDER_CLIENT_ID|CLIENT|/data/ucov/repro/jsoup/Clients/jaig1995/accionistas-eebp|/backend/src/main/java/com/eebp/accionistas/backend/accionistas/services/personaservice.java(374:13)|/backend/src/main/java/com/eebp/accionistas/backend/accionistas/services/personaservice.java(374:43)|org.jsoup.nodes.Element.selectFirst(java.lang.String)|SYMBOL_KIND_METHOD|SYMBOL_USE_INVOCATION
PLACEHOLDER_CLIENT_ID|CLIENT|/data/ucov/repro/jsoup/Clients/jaig1995/accionistas-eebp|/backend/src/main/java/com/eebp/accionistas/backend/accionistas/services/personaservice.java(378:9)|/backend/src/main/java/com/eebp/accionistas/backend/accionistas/services/personaservice.java(378:35)|org.jsoup.nodes.Element.selectFirst(java.lang.String)|SYMBOL_KIND_METHOD|SYMBOL_USE_INVOCATION
PLACEHOLDER_CLIENT_ID|CLIENT|/data/ucov/repro/jsoup/Clients/jaig1995/accionistas-eebp|/backend/src/main/java/com/eebp/accionistas/backend/accionistas/services/personaservice.java(378:9)|/backend/src/main/java/com/eebp/accionistas/backend/accionistas/services/personaservice.java(378:71)|org.jsoup.nodes.Element.text(java.lang.String)|SYMBOL_KIND_METHOD|SYMBOL_USE_INVOCATION
PLACEHOLDER_CLIENT_ID|CLIENT|/data/ucov/repro/jsoup/Clients/jaig1995/accionistas-eebp|/backend/src/main/java/com/eebp/accionistas/backend/accionistas/services/personaservice.java(380:9)|/backend/src/main/java/com/eebp/accionistas/backend/accionistas/services/personaservice.java(380:33)|org.jsoup.nodes.Document.outputSettings()|SYMBOL_KIND_METHOD|SYMBOL_USE_INVOCATION
PLACEHOLDER_CLIENT_ID|CLIENT|/data/ucov/repro/jsoup/Clients/jaig1995/accionistas-eebp|/backend/src/main/java/com/eebp/accionistas/backend/accionistas/services/personaservice.java(380:9)|/backend/src/main/java/com/eebp/accionistas/backend/accionistas/services/personaservice.java(380:77)|org.jsoup.nodes.Document$OutputSettings.syntax(org.jsoup.nodes.Document$OutputSettings$Syntax)|SYMBOL_KIND_METHOD|SYMBOL_USE_INVOCATION
PLACEHOLDER_CLIENT_ID|CLIENT|/data/ucov/repro/jsoup/Clients/jaig1995/accionistas-eebp|/backend/src/main/java/com/eebp/accionistas/backend/accionistas/services/personaservice.java(385:33)|/backend/src/main/java/com/eebp/accionistas/backend/accionistas/services/personaservice.java(385:44)|org.jsoup.helper.W3CDom()|SYMBOL_KIND_CONSTRUCTOR|SYMBOL_USE_INVOCATION
PLACEHOLDER_CLIENT_ID|CLIENT|/data/ucov/repro/jsoup/Clients/jaig1995/accionistas-eebp|/backend/src/main/java/com/eebp/accionistas/backend/accionistas/services/personaservice.java(385:33)|/backend/src/main/java/com/eebp/accionistas/backend/accionistas/services/personaservice.java(385:44)|org.jsoup.helper.W3CDom|SYMBOL_KIND_CLASS|SYMBOL_USE_INSTANTIATION
PLACEHOLDER_CLIENT_ID|CLIENT|/data/ucov/repro/jsoup/Clients/jaig1995/accionistas-eebp|/backend/src/main/java/com/eebp/accionistas/backend/accionistas/services/personaservice.java(385:33)|/backend/src/main/java/com/eebp/accionistas/backend/accionistas/services/personaservice.java(385:64)|org.jsoup.helper.W3CDom.fromJsoup(org.jsoup.nodes.Document)|SYMBOL_KIND_METHOD|SYMBOL_USE_INVOCATION
PLACEHOLDER_CLIENT_ID|CLIENT|/data/ucov/repro/jsoup/Clients/jaig1995/accionistas-eebp|/backend/src/main/java/com/eebp/accionistas/backend/accionistas/services/personaservice.java(385:37)|/backend/src/main/java/com/eebp/accionistas/backend/accionistas/services/personaservice.java(385:42)|org.jsoup.helper.W3CDom|SYMBOL_KIND_TYPE|SYMBOL_USE_TYPE_REFERENCE
